{"rec_rate": 0.0631803146368866, "p_value": 0.0, "ks_distance": 1076.9498773297091, "ks_distribution": [235.23478922820868, 202.4555441737648, 210.5709197126307, 242.3067662308822, 195.81486625299294, 214.13839411394292, 261.6016943939612, 296.6981361873295, 274.1194521315483, 227.88519731475753, 157.13151976269728, 181.6615867858618, 139.88620708752387, 278.4510242491615, 184.73935157304004, 183.49826164808292, 354.78335278840495, 172.3222863592182, 212.60713145220143, 264.3980331375824, 274.17045363567195, 221.629430678684, 291.88074385057917, 219.5079642288947, 275.02079894084363, 248.42090766769252, 224.41513483106883, 183.09469629875275, 363.57455947611015, 339.50004151511894, 279.99320070395333, 263.45545312179456, 143.36267548820797, 174.40293055442817, 215.01034865789188, 262.7066642617028, 289.92905977255214, 197.94196258459033, 152.70553646623193, 184.1807781372936, 192.85482078711357, 201.22825375327375, 167.86799002990483, 214.45883494754162, 188.45680663445455, 191.91210265422524, 173.01991954482583, 228.43912054072644, 197.40634085554848, 292.0815163533589, 264.10209371693054, 241.06661060200713, 150.92279015712484, 296.1664962276009, 238.12214961876452, 248.59668414217595, 251.88040901651038, 166.7672573923628, 267.40293055442817, 210.15114401056417, 247.36987883064558, 177.54972733027898, 328.08190043885406, 233.41974355489037, 288.4291790878124, 247.06268370278121, 185.63943846460552, 303.0119916152289, 243.04334677370025, 255.42090766769252, 322.1259430631908, 149.98711322163035, 219.74834484935036, 233.6536583705929, 223.72964039192993, 274.3733619788072, 164.33028258096056, 219.32951005860377, 269.0477378589567, 172.9279249284191, 282.440260182615, 174.81873986083883, 281.1259430631908, 180.86629795600675, 152.94471022962534, 276.4290802873693, 162.64844214342884, 195.4086386329127, 292.74803266424533, 310.80695819721586, 272.12739363460787, 329.95412946824945, 208.09155434763852, 222.39675234429524, 288.53374968172466, 226.02730136198988, 209.8962375044939, 174.86967946497134, 225.7284052964951, 166.6197476430134, 200.6752391959344, 237.7898990700378, 202.75369182733812, 177.41974355489037, 166.98613517068952, 202.35544791018037, 337.2865279588623, 196.96525295204083, 233.46935815375764, 250.10173697646678, 283.4377074517979, 325.58242130308645, 243.86586722391803, 183.8692329010446, 174.97920453116967, 172.22997265720915, 229.22762190544563, 179.24230323042502, 192.33514887180718, 187.2151783967056, 343.65908551095345, 325.4557665107095, 171.98486735176084, 168.61486025841987, 225.44339011682678, 232.29328194721893, 253.87260636539213, 198.28269556972555, 186.241792443966, 159.1992990666513, 194.1259430631908, 202.90065316409346, 272.3437232122378, 198.51778671242937, 211.76992352730304, 170.6566426444242, 243.5804224245676, 213.57620566701735, 417.5129022297333, 211.5709197126307, 247.93398873460683, 204.8151513301491, 176.07697946488406, 287.14517921288643, 335.18414025852326, 290.6967791588431, 203.3575281731537, 191.3970985600845, 167.24474738059052, 189.9031952421301, 246.62504189288939, 223.24720103822074, 126.53614212631965, 209.8489935795842, 197.23292063787085, 294.12739363460787, 191.60683757015067, 196.2206420876173, 264.78641581124975, 226.32799169547798, 198.22855796332806, 250.15093145631272, 325.6309609829332, 196.02032024959772, 167.44435233750846, 234.71503520346232, 225.64838730467454, 256.9503641446372, 168.88185935702495, 187.1949404791976, 209.88922303033542, 327.80629787144426, 231.21873292270175, 164.55970682294537, 206.31668842254112, 220.31911904649724, 254.0047279915525, 280.7035851624987, 198.78641581124975, 273.9271760703796, 303.0049148497674, 170.98742065587248, 297.469230815168, 207.0262538114439, 305.10956013258874, 313.8029676141123, 229.05528977037466, 262.7459776408359, 239.20377680984166, 215.43311890114092, 233.3238985783355, 232.8275312291753, 205.05440081728557, 274.33343511177554, 156.79419698086713, 182.4377074517979, 219.5041385560744, 230.6403053331942, 278.043122635685, 236.64388431747466, 301.19435368967424, 203.8867550390005, 168.78341600513704, 126.65080631703404, 177.71503520346232, 207.23333670372813, 192.30565598632165, 202.01880343989978, 220.19703238588954, 235.22062085762445, 160.10065098451923, 149.2373738200913, 187.14295835826488, 230.9187759990382, 178.28515769985825, 165.27275079990068, 243.2140038858488, 207.84975900887002, 275.73022756672253, 259.247726113168, 206.50013323514577, 233.92050302017378, 203.66049264045796, 179.1867606574815, 212.74597764083592, 253.00175048019446, 183.25638750049347, 352.9149367303471, 276.4737246325785, 206.8564177830949, 231.16189472732367, 273.59746944252583, 239.8257497970044, 209.76521077179132, 220.1074618350267, 179.94356629061622, 342.1772829047968, 224.7436087948663, 270.32629313788493, 241.66501877539486, 192.42330927718103, 243.19844917009505, 202.2671290062899, 315.62252344553417, 255.83540425028332, 269.2760289532562, 188.96410817477954, 268.6232654480791, 238.33280499152897, 194.57115767365758, 172.51146421528574, 258.6674793319071, 190.94205221713128, 235.9372009997278, 272.5034977588384, 150.40404750593916, 195.77527106609887, 183.05773016885723, 244.11480268524247, 146.48557104915835, 285.2808093370404, 184.7688984676879, 226.30162460441716, 154.1402484284299, 161.641396955245, 162.14295835826488, 271.19955850692713, 231.25004668926704, 131.82147018251817, 220.35284473504544, 299.5004060168303, 188.46733918806058, 208.51788733270405, 244.40331585782587, 183.71603024630895, 225.30596343994694, 255.2373738200913, 210.81051217249478, 216.31383566941895, 188.5489757508385, 270.19603651307625, 255.5818799630233, 229.7209983390585, 232.23160525443927, 224.3700556748936, 164.18221973931577, 181.56137525076338, 252.59018991453195, 203.8003738431653, 221.54454687820726, 259.5790923323111, 233.9721443002809, 251.76031248940853, 202.22389654658946, 261.04055645113294, 154.96183917455073, 232.3896907959679, 400.89790628306946, 249.82601521616016, 167.15917604396236, 346.34830751987283, 228.4571510415226, 212.9411469595998, 208.48660266518345, 264.5017383519171, 258.9522621410433, 218.76291359113748, 188.92366023747672, 235.5646500972034, 323.17549570911797, 259.1259430631908, 180.0526238452403, 189.94865661971744, 227.8928976474017, 181.38374092408958, 194.19370212855574, 223.0847802336284, 222.938037559059, 409.66049264045796, 217.45545312179456, 217.12943376173098, 175.08406675013975, 234.8007009333487, 255.19468131628673, 200.6759256094383, 303.1742502029956, 172.42221384456752, 158.80396348692375, 207.90545047229716, 242.03589182522046, 283.7829793510937, 210.09450364953045, 257.6951246600238, 303.1884804157489, 304.06342952344494, 249.86892794973028, 220.84975900887002, 199.74932104855907, 236.09123981454104, 288.20784208138866, 175.80198186523012, 288.54753567799344, 179.38903049385772, 247.24703700174723, 232.4854636435157, 241.3683022737523, 181.96410817477954, 208.9152197663734, 188.7328709937101, 308.6305279543376, 136.3378547013417, 180.71923264834913, 286.99189029783156, 281.9403353580492, 183.13821655800893, 240.33468284227274, 213.89843967909474, 156.81778026068423, 190.71947292877576, 206.5671678771505, 169.27709741505987, 178.20655172103307, 212.75054881860706, 328.0770296434803, 185.4019036851496, 189.50706095566238, 321.88519731475753, 211.9888906618762, 240.02628258374534, 160.43381526476605, 193.1079557367775, 139.64959104874288, 296.5096202523964, 279.5129022297333, 349.33019459512434, 204.69117920938152, 188.41324812790845, 185.1807781372936, 326.37726637033484, 213.61891788923367, 207.71947292877576, 195.9524543111238, 183.77590653727384, 268.7718269934612, 212.29617004270858, 149.74061832839288, 242.9793787545641, 247.65930125812883, 215.5243003457599, 208.75471199932872, 237.25365273500938, 320.440260182615, 206.25194909207858, 237.87405693681285, 266.332050680463, 244.38105971463665, 193.46189999315175, 201.72830890024215, 191.73762611690654, 216.65407321642851, 272.15917604396236, 162.02889893770225, 