{"rec_rate": 0.010731755688020504, "p_value": 0.0, "ks_distance": 1046.2931265527404, "ks_distribution": [179.8553062666615, 204.51819143452667, 349.4856161451535, 194.2258649681935, 280.78987749939915, 233.36944447858696, 252.23725757999455, 160.3122451142808, 220.88314101113428, 333.1212123327314, 278.88650285967014, 197.56985631954558, 153.32718423859478, 221.49333654101792, 187.95294138866484, 324.85114106821857, 297.71575154213133, 249.67210585486828, 265.89962739480325, 252.5852698537892, 209.86222895482388, 235.08279642586785, 189.62448208565183, 254.37579034696319, 277.17359595052585, 292.93287357643567, 297.71048607032935, 251.52276885836545, 202.7854077526199, 197.5846208184921, 243.41483787309517, 220.0866960915955, 217.1053703126272, 261.0048639231791, 227.35013041697312, 237.74160922114243, 201.99358808043326, 188.53291574586365, 266.58577385052195, 249.53215558228112, 209.3034680490655, 214.1587076062424, 159.90956014974836, 313.2673942553629, 237.3055420268538, 218.58616351581804, 195.73629871823505, 204.27706129512808, 177.16954213926147, 183.00207338388645, 220.78452343577737, 291.78524415340326, 303.4494203239992, 334.09912019065814, 275.1794265021199, 286.3148626196926, 268.4304970484445, 269.9294041401954, 268.0735936715446, 221.72511512800702, 316.799601959814, 232.0031356294785, 226.7388063693743, 199.25089369903617, 267.4946894684035, 241.3624568255018, 200.3838968397249, 265.8633606169569, 222.52963072001512, 362.921255074747, 347.2385863127238, 233.5037087867713, 268.3596070373969, 191.03957793943846, 237.686185040915, 287.2282343816587, 279.90542061903216, 214.68971816425983, 163.96151411190112, 253.26777660166044, 309.1746604540931, 219.04750688688, 234.57416184445538, 245.22278951331828, 214.95998182823496, 313.25309823526186, 284.4875123707425, 219.69325193337409, 244.14555807345096, 290.7480138987885, 246.80528213566504, 232.09912019065814, 348.6348198353462, 256.34493413702876, 351.62635422186213, 224.3619535988546, 277.6278308873716, 271.14528977486043, 222.0435691191742, 218.99788868551514, 213.88598857873876, 185.13485870290424, 310.76259249742725, 231.33770555314914, 179.85759614784183, 247.4860394128591, 213.56798894537133, 197.59511525054586, 324.1145310922111, 284.4407620669417, 227.2282343816587, 241.5453338504667, 252.02094258641773, 334.98037644860597, 308.85957599124595, 251.03269387202454, 230.84049581637373, 197.46236966117795, 212.33330879367531, 246.5401417307712, 300.4843885927403, 188.85184341644708, 225.9435144217059, 208.987541138069, 223.36928803993214, 244.500593410874, 229.79052475118806, 183.93788086036147, 323.73222339833956, 255.47585311019793, 240.65155750045778, 180.21055932733725, 220.78889153120144, 257.00977623118706, 269.39863660692936, 177.5035125024733, 175.02167581853973, 257.5869194722636, 272.5928111661833, 187.73216490250707, 334.58425847883336, 250.12597362806264, 236.14095243564952, 209.51127679177443, 215.52900679323648, 250.49524941695927, 273.72088610638457, 284.205129764061, 197.41785302189055, 214.30674806662591, 298.1052706938681, 259.14916009665103, 243.3534778819121, 163.14526752723032, 213.80095630179858, 253.7586223917915, 264.09912019065814, 237.6543720132122, 221.585890998771, 210.1542217872211, 248.5240842496678, 277.1399149527988, 194.04614048412805, 182.54495306740682, 241.2622442597367, 200.98547809571755, 189.38816954520917, 258.3613524119319, 232.94077718975677, 229.64206406862286, 305.69951208182465, 311.79081041237987, 372.7460059824207, 311.7512030061298, 322.7476167446621, 158.3503952421379, 190.45744982328142, 346.8958960754044, 240.1510248027007, 230.25620132948825, 267.6038986518961, 259.4119118035014, 243.7166021287885, 198.81265897670892, 194.71682910851814, 245.29108763806653, 303.04149402973053, 196.75270424601513, 246.59195410975735, 282.41193451228537, 282.12423966269125, 242.89208499304004, 183.9370384145368, 238.2643356276949, 254.60555790311992, 226.20543421977345, 419.06692141647727, 220.59353327849385, 304.81037159945845, 351.3689502976122, 261.0829482682584, 220.52390706791266, 269.7611823456282, 158.46869849818904, 225.38813720195685, 320.31117902951155, 286.8412923937576, 257.1379338077022, 254.39703286404983, 270.25620132948825, 230.3154311276412, 298.34274042379366, 196.8726493149352, 202.85184341644708, 212.52390706791266, 221.2711898968173, 310.25620132948825, 251.6879339569423, 285.22356531438345, 207.83567714283708, 289.17543026613566, 205.72521165034777, 159.06118263050394, 198.7610182414246, 241.7512030061298, 219.25120418695224, 240.00486392317907, 181.22119651179128, 205.36645438501364, 281.31688916850544, 200.68142138158873, 204.69132862163497, 317.84514514352486, 207.60027466641077, 219.81397124922114, 325.7437986705154, 299.0912133722213, 197.0196755258621, 236.45708928098338, 233.43510236319707, 210.66990365447055, 224.74162902858734, 224.35574395625736, 222.2435341564742, 214.5503277885, 406.28397612569825, 362.2153585362503, 245.01187473796745, 183.28652088508898, 232.12680149367952, 269.0039412803835, 285.01452190428245, 278.86105311217034, 221.79184659172824, 266.41785302189055, 360.51674960464516, 305.2747883496522, 295.7451671734525, 330.14885893178143, 192.61406052457642, 225.22572838205997, 241.09912019065814, 246.18284979976852, 157.84813705370652, 219.3272016649462, 268.8906866818179, 254.72129614811274, 270.3132645479891, 190.1002533581941, 282.6222110367453, 288.0190675087633, 256.94508051803314, 317.35953800211064, 253.1562468006432, 251.10066904278938, 351.28598500747466, 218.78230093575803, 276.6917658608636, 243.13436903188267, 221.2187421715753, 299.15356552237427, 272.7451671734525, 197.9087866277805, 312.3456279867878, 210.40871405666985, 265.01962355139403, 216.2983532946455, 176.26370128176495, 215.6295099311883, 205.47609293208734, 306.8976177498571, 228.47565612107428, 288.84359719239364, 289.824730980421, 155.87239767499705, 253.36928803993214, 246.02013906417596, 227.548926995496, 273.524172514808, 179.26555210652077, 280.0996027760011, 277.11827643100696, 305.9273150372428, 214.47565612107428, 304.8949222838419, 323.5321429348969, 343.4420256298581, 284.26777660166044, 240.32667989522633, 207.36361549967478, 253.6718978700519, 217.11596143348288, 265.18421667426446, 181.73852844200883, 215.41419348092677, 370.81914944692835, 180.99792661611355, 209.40117545937937, 238.69405992938846, 199.53763033882205, 258.6715172827553, 226.49830544976794, 228.6896080951119, 263.3646872953159, 213.98837820271, 233.13553078867335, 277.4308078040667, 179.46018435268707, 278.27286063107204, 260.85428453447275, 197.29122596700836, 238.4971963336866, 210.28087380915167, 238.52235458558425, 220.40031729076873, 273.2254573281043, 234.49631917014813, 259.6927552033958, 282.73222339833956, 200.6821848876716, 183.71042948178365, 235.20816052943155, 226.06317171018054, 214.73633903771406, 271.8499146256254, 251.71575154213133, 220.45893928354417, 251.0466938035097, 239.7437986705154, 222.5528989069171, 238.36222516409907, 244.52378833241164, 196.30714942451232, 243.85641129672513, 262.1229072209899, 210.99940719408187, 335.05684598342486, 264.2687031084006, 350.90928584638095, 243.26147155799117, 233.06126322614818, 237.85943833058627, 254.55690898745343, 281.41193451228537, 279.14885893178143, 236.3632249897455, 213.41383648418196, 206.88229307548409, 286.83733813169965, 294.55150240007424, 245.5194479405436, 258.55988814829834, 171.8253395459069, 270.08459927223157, 245.31075659464113, 249.0304891293872, 174.83733813169965, 181.57575463952526, 152.34295181298876, 309.99943152490596, 315.0621042146413, 203.38520842531943, 280.6620670585189, 225.25375169527433, 179.3122451142808, 258.68832187816224, 215.7212948269971, 239.29450267432912, 220.64961565943122, 259.1159614334829, 255.96708581787243, 226.4697513609226, 210.7686287933575, 210.3621374444774, 247.89492228384188, 268.2452467455332, 328.1500217836492, 282.8659944824958, 258.706623329821, 279.42424536047656, 327.02109603083954, 233.2254573281043, 266.8840385665171, 