{"rec_rate": 0.03881463511376042, "p_value": 0.0, "ks_distance": 1068.0039816546469, "ks_distribution": [193.72118272458465, 195.65603461970932, 208.89234510197912, 150.18648038569336, 165.13696958378478, 214.6702060969037, 227.89719124861767, 241.1958868500551, 148.1585223677066, 172.93714167484814, 136.15206510655844, 131.23278786288756, 228.97158626553028, 265.2153983922444, 271.03018799800157, 196.60414500397383, 162.38583586291588, 166.8791971790679, 218.442134443776, 174.34380044091813, 149.8804117487116, 156.61363453288686, 150.81889069384488, 166.31090314063476, 183.25072039817042, 120.21739250731662, 240.70942951628786, 198.85968259883975, 189.97934624508525, 217.86771051055803, 193.58642741962467, 130.20302864710538, 211.1801050371614, 293.395854996028, 162.06792155972653, 207.85640704370235, 277.571954706149, 145.67640702939207, 140.3225724504655, 175.06755287408578, 117.88984960182461, 186.8766501948121, 113.44107677661304, 165.8322564664286, 149.9242725905833, 147.77089233960396, 171.24872595656052, 228.80766085921096, 155.9630288766457, 251.58642741962467, 262.4778669561165, 266.26973521269974, 183.84793489344247, 145.09046076802042, 147.09033295200788, 142.1319205155305, 161.18422713809377, 166.12989145384336, 225.59837877871178, 201.6023302906251, 201.12881096801902, 135.46564288558966, 186.66994599012833, 214.69372242596, 165.43788588984535, 215.62435530497714, 223.10351485415413, 182.80300636873108, 171.84329161689857, 173.25977316447825, 141.61060583967628, 205.2923706366737, 261.0233592968216, 203.23432006417897, 259.7360720877077, 150.18431862825673, 282.8015220675152, 157.02412026186357, 212.18673169391332, 242.36985985686442, 132.8480289992458, 192.9849620407258, 182.80077773863195, 144.70351150210263, 215.31433217573795, 169.98132078059734, 219.87777417929374, 157.33921137915604, 138.99385596921093, 217.1623664411527, 186.74981078575183, 142.9380519985225, 167.99287366667704, 209.34724669278603, 206.29848771680918, 230.96984922972297, 276.7539605159418, 117.21463210643742, 192.36512300349204, 142.72554880595635, 200.7715523950592, 147.13570661651102, 144.38939416032372, 176.75043079304123, 153.6374208432344, 182.2302181972791, 148.80812293931012, 156.0784455545836, 201.1439988529164, 194.49684842062925, 268.08042267092605, 191.87342367872498, 203.16392306669422, 206.78171349903823, 146.18844544761487, 208.83060043593287, 180.9536376267897, 135.2698836895288, 151.16634003106992, 152.13865637811432, 189.52213304388715, 126.60921150402237, 162.07579027361953, 185.378664066262, 129.68353392169138, 174.55745045104777, 209.84891288592007, 207.3419884295654, 158.77134896484858, 178.2769640950737, 142.7419643579833, 160.59181970562895, 126.5618709550181, 162.0855037718975, 159.14396888904048, 189.54520666994722, 181.85612772789682, 126.04991839760987, 150.4850694352508, 170.32638243388192, 181.8305726547951, 187.32238641662843, 199.00677067398647, 189.8322564664286, 194.04133342123168, 161.32810162325222, 180.67867764764924, 216.42695398614433, 226.15206510655844, 166.39332207586722, 187.08993893816478, 165.669888013761, 116.55172500282788, 174.50107078859946, 219.019628023736, 177.99478770435962, 219.71899558022778, 264.59181970562895, 151.49370956841813, 238.81048849847502, 165.22446684075567, 139.42251150275297, 211.43380879684628, 163.38750843862908, 123.78142555550494, 162.2825540294034, 155.49201023371552, 176.62426820037035, 347.9938559692109, 230.25328566297867, 191.96395339787705, 200.87624070224956, 178.50880479603256, 219.93686398370482, 211.325040631893, 145.67229892889372, 239.28030619574565, 183.53794176571137, 175.76193102317848, 161.51948697312537, 154.94560202689354, 212.45364758424785, 185.53953234078108, 222.7221703430132, 180.02548554668465, 155.23962163234137, 180.15206510655844, 212.61425852620596, 231.70180001907102, 159.75217645476823, 147.92946836105875, 237.42284955156538, 170.70518356900902, 214.14129677253277, 160.78086858762254, 150.97158626553028, 200.26892278608284, 287.4413192640495, 181.2336019998247, 234.29888132658743, 290.13358603944107, 176.93233180396055, 219.9186479977834, 130.46631093918313, 184.2606521193793, 138.79440121514563, 208.5810709708876, 191.00723203698635, 119.10899114028507, 143.07465414624858, 193.30627757404, 189.1467000159755, 284.08362910629694, 197.00614403078907, 145.91100135646957, 200.279687333752, 219.6935588056167, 178.58585075400788, 165.49109451285221, 161.05580864936928, 178.0536080852271, 213.12881096801902, 160.23006556393375, 158.12881096801902, 234.1432301207824, 209.7441478874225, 178.85631150830886, 121.41089295634356, 176.79466031337688, 201.1579030274006, 219.4189290291124, 189.41505191798387, 192.65412651745646, 197.14489925566068, 229.35836545563234, 148.09332983251534, 195.5156806976629, 241.5810709708876, 169.89380211300704, 193.97779694397286, 233.16925776306562, 233.90966173668312, 167.29884988168487, 219.8414776322934, 231.11703917750674, 188.5810709708876, 225.83792724859086, 129.59540016884785, 188.83060043593287, 244.16634003106992, 208.340381087095, 229.85640704370235, 130.74205540742423, 282.27564284464097, 197.4778669561165, 140.61625357037428, 180.96824988342087, 239.7335390458702, 205.06575925011748, 189.73007170358414, 151.18786741276563, 176.6785652311828, 124.02703401408144, 167.96981200199843, 212.39004008589836, 158.75273949377697, 173.24202186052207, 205.621335933738, 177.88369518453874, 216.7021178222276, 122.37981936834149, 182.5149305647492, 165.14093212545959, 226.94811204996768, 175.55822728703788, 163.04391525963183, 220.58688737362172, 176.64198502736144, 143.73737135286137, 163.33198604894005, 142.85668912727397, 165.8691214571918, 201.24806939878, 194.07484333104367, 185.39142152917339, 176.56774550694627, 284.9771687286611, 166.20327687246208, 171.59181970562895, 241.76167149579487, 183.23810255579883, 140.87938728547488, 140.34587348254354, 266.7636051726504, 175.5233660740496, 173.91643523394305, 293.91643523394305, 250.61378317377057, 145.082719419348, 225.60414500397383, 209.67339767249814, 154.128684970824, 226.83423510217108, 175.21539839224442, 136.42474448139546, 173.44832013713403, 162.76182260335008, 146.96395339787705, 141.20084324469371, 127.78229346851731, 233.19531599938637, 140.79980139171857, 170.81402350733333, 155.90802937496665, 148.4123204032494, 162.4135375643782, 198.09936114157426, 257.75502081102604, 218.33392918362006, 236.88036890274452, 115.42284955156538, 147.41364100183, 257.28954546596833, 198.16412067749297, 183.19382419399517, 151.21539931819825, 182.11816678199557, 198.61134909250723, 199.29636532629138, 236.5245758899291, 192.59672687137572, 131.8404869660735, 160.83792724859086, 248.27297760250167, 215.4189290291124, 226.08190443782223, 133.19096224638997, 222.6407067179025, 140.18951150152498, 183.10560272845214, 172.59943252093126, 154.999018671057, 218.63192268348757, 195.61869017758727, 244.395854996028, 136.86381608431475, 199.08190443782223, 169.35974888373312, 199.61990604357743, 166.88949106580094, 188.17030153438463, 138.24872595656052, 122.35883372944227, 164.97946043423417, 214.96996465465054, 207.63550013835084, 158.56413326926577, 233.4328045290831, 160.8104367335527, 130.35861337948882, 144.42474448139546, 203.05106900838655, 183.8404869660735, 195.2578685764238, 215.2038611505759, 155.4355670424593, 191.59065961149827, 136.52717371838025, 217.66066445177057, 145.18036755941648, 142.94129951021205, 233.84793489344247, 212.06240180576788, 172.1911067453093, 154.8392410855754, 237.11703917750674, 187.5632234257164, 207.57142243104954, 163.70082581785027, 222.534409251919, 219.20019860828143, 147.09227464551805, 167.77805851510948, 142.78776209464377, 156.6838347345838, 191.31599423273565, 238.23763241864435, 168.65289177519844, 278.46787512083756, 256.1322894894438, 155.01776980246996, 175.92281861513675, 223.00614403078907, 266.90067870115854, 255.60746450224178, 154.03040894783408, 183.76567993582103, 328.34587348254354, 150.3881129673664, 244.25018921424817, 136.1585223677066, 