{"rec_rate": 0.020960986251364513, "p_value": 0.0, "ks_distance": 1140.7995064171428, "ks_distribution": [141.44628067916892, 185.0778434283984, 288.28499266561994, 221.21937425982105, 232.64725721779723, 275.14156241777346, 173.25896338706661, 143.40869050168294, 209.88461724295485, 193.32288373680694, 192.07591211911495, 171.877713128506, 155.8170507857194, 281.92721938350405, 240.99467349491943, 220.19881416008502, 151.97034644661107, 172.13887913804047, 241.77115778039297, 169.28348582926446, 196.385399078099, 237.82624813545226, 308.35268656687913, 181.5836733921933, 228.69278632730493, 190.56676189044083, 124.17618084949208, 191.2518978459393, 221.1614962736594, 185.46686423926258, 209.59215415638027, 135.1940310607606, 229.78831903232276, 161.0657864496643, 188.22616596215266, 232.9202666219917, 175.57251921576608, 186.9054107458296, 269.19012003346324, 166.40084883274358, 161.65829140427195, 155.62352754050426, 152.11448332939835, 183.9290536984081, 200.77101935676365, 211.51582919429347, 209.45825651558334, 234.53081179693436, 261.0147234301039, 155.28041050022875, 141.0136572449992, 210.57244301744504, 193.12025441737933, 160.6586046360917, 261.42198789102804, 162.638063797036, 219.66101260655523, 142.97797616825665, 144.2647568013922, 206.1117490329234, 209.49159425577545, 135.05639759881524, 164.97190103007324, 182.37435032278336, 193.23251828920547, 182.94481420371994, 159.70672673911395, 171.96546714005854, 203.8572772337575, 224.12804300813332, 210.61723399556286, 236.81426078204822, 195.43115802444845, 220.24721460213914, 191.13564780126035, 184.99237522747353, 240.4587254596745, 214.3378118797864, 195.4345969695878, 186.94951694872634, 191.55851536401678, 179.56911854514237, 205.26432807190395, 160.58482893306518, 195.3651035753337, 311.1117490329234, 192.06804088454192, 186.4786673541421, 161.87403798283776, 307.1761808494921, 183.24924494099469, 177.98794151309812, 197.4560648619845, 243.8643367987006, 230.03653499265056, 253.6334032779141, 135.62530427672573, 188.08109058315858, 280.50785338070455, 193.84309883804963, 227.17619963502602, 116.77875065792978, 131.8253236021701, 195.20983144821002, 188.69660582599408, 124.9349973139615, 265.3824351122257, 207.5255983557954, 184.05992420213533, 157.0816036067663, 138.5360876284176, 138.60560978623562, 207.55992248773418, 239.52579194182545, 243.1356632012994, 179.27093169399268, 172.2463047957972, 180.71969874652132, 227.1233171873846, 208.78164748437666, 257.3746957232743, 201.35234967583347, 139.95007779780462, 198.48320665938445, 145.6357826546955, 234.4252057381018, 262.0839103743365, 147.87760482145677, 210.25305109036708, 317.13235263041497, 290.76641385086623, 209.03191131588028, 274.096519384424, 184.48909605105837, 257.08311735407005, 160.7100132137366, 208.74073632481668, 223.05074524634801, 210.93792427666813, 217.91797994695662, 196.14373631362741, 303.4088291499429, 176.6455427540459, 203.77115778039297, 206.12640028100577, 168.59607188353039, 296.8733001582077, 267.5569240448058, 241.4557055016303, 278.0154489010074, 187.44117364781778, 207.6226879590722, 229.65149248847956, 148.14355055382111, 192.93744639037686, 169.89315127224836, 176.92901459390123, 168.3363221493637, 263.0147234301039, 205.9342135503357, 194.33066010959192, 179.4513862902404, 214.83311837789915, 182.33778153313688, 183.4881903020796, 183.5989887770047, 165.6251553068505, 221.0778434283984, 235.1298408923103, 230.84631170275134, 192.74073632481668, 297.1383890218294, 198.5488628927642, 272.5399434922456, 196.7547591884104, 240.96993371554709, 219.3380474627702, 158.78174571112686, 211.30014503759594, 164.96346500734944, 365.5782066980264, 296.02451687672146, 236.3539649834147, 259.54497597388126, 195.15685517249767, 207.42988604485163, 163.12661180129726, 269.1048794612798, 198.16866457828655, 241.44144966182466, 218.0445954923016, 161.47420805817455, 188.70317540432734, 266.9816069270528, 170.7547591884104, 246.63779316186083, 221.7475091675151, 173.06328250472689, 247.40111364519544, 155.22779899258057, 182.11897199727719, 247.20486772882214, 235.82381915050792, 136.5260843564247, 199.05364630766417, 230.9497306375797, 215.32057952097784, 195.8176901385832, 175.18321692510654, 155.9976855957866, 178.0816036067663, 198.8926002869648, 171.32288373680694, 177.49120938369197, 223.49939684913352, 184.244376698638, 185.46421297562665, 143.91084354433406, 259.1588318797858, 240.42475595631186, 222.8616841385301, 137.99404388860785, 191.57111606008402, 171.84559442110003, 225.90639746172383, 203.07839271553712, 149.06891467447713, 187.3624412119898, 205.95600536495112, 193.22053737980787, 172.33008677200633, 210.7444188377831, 210.9478578948765, 169.33115278822333, 247.09112791490952, 175.95977089790176, 241.25926367518332, 226.60104146779122, 259.13615293793555, 202.3033816485422, 123.55581881974831, 227.45234030141364, 167.45555054482065, 169.76641385086623, 190.5988715385829, 289.9342135503357, 224.01784732265878, 134.5105515884061, 200.54438445828782, 223.51803041226594, 215.9533757327481, 167.31667537828253, 227.28030125347868, 140.79223843536238, 206.29816343273978, 183.8084140007213, 202.11297219013704, 225.26726041865004, 221.33898739344477, 198.10160270262168, 194.77357171064614, 211.43924414191315, 250.74694890963292, 125.23969921223397, 192.84096979957394, 171.59915116725642, 184.80754952324787, 215.54871686931074, 223.1060056870956, 175.20296694211356, 166.42259700399518, 153.04399463504888, 171.6550422289547, 220.4013409702202, 178.5417434844203, 148.0647164461716, 276.9163696456253, 174.5486137097596, 158.56757029750588, 266.11663084469546, 160.96805439327545, 224.33499353767002, 308.46483925647226, 185.58686686729652, 209.8695248600743, 202.8939943129044, 277.88069623468255, 146.41541445290932, 242.11234929828788, 193.20148250800685, 296.49478207868015, 157.00532650508057, 215.22633037756077, 177.9872625537505, 189.53758943963385, 198.9054107458296, 216.96841302392204, 179.31184107157242, 237.19386809590287, 291.02608699698067, 147.10403186481926, 185.4587254596745, 222.3989585322106, 182.74401543800923, 312.1588318797858, 184.53441725650555, 281.823655886943, 181.6298263906665, 165.8997639536001, 176.1502678655852, 287.99404388860785, 230.59643825149578, 258.20971523336266, 178.13235263041497, 183.93217315199672, 173.84500091569862, 157.6375990504057, 159.01839307294904, 189.00339844912742, 184.08311735407005, 173.13535208336452, 195.71198895334328, 223.13417535035478, 235.7858836031064, 220.96346500734944, 195.06123719284824, 157.4237360852194, 250.5988715385829, 149.77657889938382, 175.54307822073133, 208.163141115474, 140.6110262820439, 182.0940493305916, 193.61616726414923, 215.95795933783666, 275.6460350165853, 141.22642828935386, 153.84400221985743, 217.28670100183444, 156.90055576224404, 270.7128600219512, 153.34183724831382, 170.00529590302722, 165.96348339836186, 172.9811431098551, 158.99149362579737, 184.4582568642345, 209.64036403677346, 155.18617132904092, 193.9615629465934, 177.2618449450374, 181.00595611139215, 218.70019827660326, 182.7667014565477, 222.20294525684585, 195.4056583418942, 223.70317540432734, 253.31578918953892, 283.5150216673337, 217.66907141835418, 167.69095928488605, 186.29421964153516, 180.54393513801915, 220.3749501522725, 228.5656881130817, 139.4195688460004, 173.43085443565906, 147.93058126522556, 136.2555811622169, 238.0836303543747, 217.24189464469418, 200.73168414727206, 207.80356456562913, 250.4810049058906, 161.99401975381625, 195.06643935050943, 180.84887414065997, 121.2010502693156, 175.40097029377648, 159.28814605805746, 178.44148463598322, 138.22829047766845, 224.31513543250367, 208.38257301125304, 260.36072646639514, 228.29652466124753, 203.5777903741091, 182.7558572162834, 167.87974558262067, 183.26939303845575, 240.48080539928014, 237.99495646477772, 180.32259473845988, 136.8882539175138, 212.28162866441198, 201.6550422289547, 179.65432843394774, 181.84372870790685, 220.0354039844733, 199.00918816877584, 164.55047566823578, 