{"rec_rate": 0.03329755420367713, "p_value": 0.0, "ks_distance": 732.1077605694882, "ks_distribution": [232.8379871082543, 140.33124181387302, 154.7167465381899, 142.7390706893093, 202.54742366535538, 172.17389646452648, 305.4088042481708, 160.88183893713995, 156.3507518286192, 264.6817373212707, 137.51204724660965, 254.14439184122602, 142.72760687483014, 177.29687076799564, 174.86320663178958, 180.9790595886593, 171.60725365212966, 142.45445916540666, 201.79653550189505, 238.25734650434606, 173.21864061713495, 239.96925142402142, 178.45329374686116, 234.11375017176215, 267.6570448366856, 200.51934346276357, 216.7554765527093, 247.3387835146077, 174.85069982563164, 212.46258028993543, 183.851932179472, 216.8635239611467, 197.98024396845722, 183.5394998094489, 158.47309964909073, 182.8729524438604, 135.18223256709098, 147.0212641452913, 189.08001476276877, 150.19469653135457, 241.10190319194044, 206.2683008057029, 160.16999820798992, 169.2668900187764, 223.450411611886, 180.54646445638537, 182.50307729061387, 178.27573107416174, 185.96827926862534, 245.35447955852214, 143.87829847491957, 170.45391348090197, 152.18346638500407, 234.2298425250865, 177.0066178176312, 193.14777106144902, 164.5916089522143, 252.8365622114161, 226.05493150239636, 229.75306609257314, 200.148067820528, 230.83441545340793, 172.88069747377995, 149.96222257869158, 345.4090241285794, 331.4420119900151, 179.34556122432696, 180.33738526821617, 239.6928660991598, 224.9194872870321, 183.53927411669974, 198.2872192077466, 185.05911351438044, 142.36908339567526, 147.4793965101071, 180.4599975174915, 162.70558147023257, 187.93932042618235, 155.3438916216346, 161.1277625459188, 161.78546435891258, 169.39616177282915, 181.1802417727904, 231.8034645331927, 298.0239508837585, 203.0336227878688, 157.59562682188334, 217.38352578160175, 171.95924689092317, 141.58977547994527, 105.52393415129336, 141.7635930214983, 150.6266071866703, 139.66758136249155, 152.9970470296903, 165.57817243597856, 274.8736338183335, 228.63358080298713, 191.66021826122596, 148.18636940218676, 163.8903822751563, 158.5579880099849, 222.64552044147968, 157.7390706893093, 225.0545734447478, 177.45574053716336, 135.3884733808036, 154.06448681235997, 222.45617923576356, 143.07273732404565, 163.4336601122559, 198.5283568945597, 251.1076840589012, 174.35407727523489, 161.15653419336104, 201.6266071866703, 227.8058993502782, 123.21453564108742, 192.12731114557573, 136.4952024289305, 163.4387904035575, 291.76204587760003, 218.1825234444932, 207.3376834535993, 208.66670621821504, 206.0812837259109, 213.76391094843348, 159.3071339008402, 217.48633961938322, 166.0565428960399, 193.81701040440748, 144.4733956458531, 175.48047251571552, 142.9695503557241, 197.8505675931392, 209.45257633464462, 205.07372233865044, 187.30512258005, 258.07762479242047, 185.48135895233372, 131.93067382186655, 219.71120627699747, 209.2612871765541, 243.3584655856357, 174.04892508667945, 168.87702258856825, 218.4090241285794, 183.94397424102135, 245.18318087808984, 292.27360216520356, 201.98024396845722, 206.79467663121795, 236.50307729061387, 244.48062685595687, 137.38549218317712, 142.07756282188984, 224.0922477015174, 196.6857274740796, 218.9610611145754, 214.30039393232073, 138.1494324068608, 231.58666649841325, 163.21679059008056, 216.68999870483094, 181.5579880099849, 216.73473666111386, 169.6374064393931, 184.21316654226848, 192.8904721147137, 220.32132481836743, 207.39266382324422, 166.973058921767, 171.96676461884454, 143.27263780524572, 239.89201213355864, 191.53350348465574, 280.4463944293966, 232.4298492885282, 184.20203957983722, 135.2988567585253, 257.8331133295578, 165.37156259681615, 199.2658006659767, 149.21227323107496, 129.21979712971734, 217.23042167707172, 211.67656047905803, 167.8739143468647, 144.95302014196204, 156.30777531646618, 166.0093840082818, 162.58909922374187, 226.06800928668417, 211.72806133061204, 144.06168777056064, 188.37347930576834, 158.54540488013845, 171.49902082966582, 261.49448355126697, 151.72581865756638, 153.94831045108367, 293.5606052485109, 239.10174384958736, 151.16803797536886, 156.32253412596583, 236.2146268693159, 277.17669056585146, 192.0010734988591, 172.45329374686116, 190.53905530560223, 109.34943914322503, 222.43931135099228, 253.90908281501834, 319.886825094507, 183.6331164973708, 148.06970979642483, 207.11879741606026, 139.026941078233, 190.07149824171483, 170.5515486499171, 186.1315187153541, 226.3243978393166, 284.3958403409106, 165.2806949103715, 160.94629744541817, 186.76403072299945, 215.2307287796284, 154.3505377169531, 172.75887422141204, 193.5128667812205, 276.12868887167133, 125.12453756823561, 219.5001287201212, 248.7316991942971, 222.9518736363152, 137.3527896062419, 178.845727772823, 244.3733928133388, 261.3032669067343, 151.25220441007878, 196.2888316675144, 148.36702431304002, 242.181386602555, 203.03677820686062, 161.37432713756243, 185.9735915770616, 262.3398615150818, 248.88069568768879, 185.4308594456561, 145.99411773424526, 196.32188876751752, 245.6849487355521, 173.0281159008864, 158.8330184748097, 283.45617923576356, 135.28072685379993, 213.0034067408851, 224.69243001536233, 175.21361201929903, 188.03767612000775, 159.37849633878068, 191.2445234472907, 153.8904779081422, 137.16192534797574, 238.6049279904928, 144.12784220059984, 196.53620389324715, 150.96580482653553, 135.4793965101071, 232.27455517073577, 199.4090241285794, 231.00721610286018, 288.1094015032886, 143.83573557620912, 219.37849633878068, 183.6345099316968, 199.99342503639855, 147.81701040440748, 187.89825615041264, 138.14930017436836, 168.16397673098254, 187.7760200505636, 176.2308689290112, 221.7316991942971, 193.48736253850075, 218.0411197271933, 200.6331164973708, 155.17479509479017, 173.44107296882248, 148.54371049271776, 222.9751349837843, 167.04568012946766, 173.9088765081906, 167.2307287796284, 180.21444236365778, 224.34557570931065, 184.20538974074043, 195.8561123707559, 243.4092233343872, 179.7277474387629, 233.56750271469355, 160.26431387492812, 184.79796042016278, 152.4776433052648, 173.3086478418263, 220.3668835026292, 168.10008050862598, 220.03128647399353, 149.8580450403224, 150.5579880099849, 177.16999820798992, 263.54646445638537, 171.4690628055505, 249.8390116515002, 204.54276394195222, 166.28180493285254, 301.1003864327213, 175.08838819183984, 182.0193198132074, 192.74529213889764, 161.8612073257391, 161.67625722306184, 204.99282172037056, 160.1270475561396, 186.08844076951982, 191.6623165464007, 215.6232092762457, 138.13270536429263, 132.18756468354695, 317.3105097806165, 207.8729524438604, 154.16505329923348, 168.50924669160486, 134.70206583585787, 219.33241608413755, 203.2223912769423, 148.77929800509264, 213.87485850019857, 298.45772160518027, 178.4827195574253, 206.54494114300633, 243.5579880099849, 151.8561123707559, 151.11996257707506, 160.1778505053212, 146.845727772823, 173.9682099217116, 193.5618307127479, 258.71657144641176, 197.91972835190973, 209.10958128010498, 194.33738526821617, 240.39850272711737, 145.60950943437, 147.35356780129405, 225.85115866677188, 211.5579880099849, 208.24423841525095, 129.72682885079757, 191.97409212660205, 186.2248777077948, 280.575969540032, 137.21167838270412, 195.45648452046862, 141.345728319322, 158.53275511083484, 154.1552613982917, 197.81240572115075, 143.0706823275841, 198.58260953064382, 186.02590787339977, 137.7753113974286, 177.1270475561396, 233.94193177417947, 133.13988955606874, 173.23722019964498, 242.44333684931735, 139.17322925155077, 165.8472623468806, 194.18996801160392, 165.17911504042968, 193.98289580235723, 179.09537828256362, 156.66670621821504, 185.32691471531143, 210.66267570122363, 151.9334830206053, 161.84293715528247, 166.6259112316984, 147.6738045450238, 194.3123293461431, 210.41497870015337, 141.71951165611972, 161.60069931326598, 118.62364746064941, 146.73137673021392, 194.3071339008402, 168.29929425747105, 156.98896025399517, 185.17048751969196, 210.77030286903937, 164.16661486733756, 139.2141911482522, 