{"rec_rate": 0.015751361722780275, "p_value": 0.0, "ks_distance": 803.5519867037947, "ks_distribution": [212.93351208419517, 197.01343569819073, 193.51014520486933, 188.89837518526565, 179.51348822082764, 247.3933413472223, 202.19731546088042, 155.7065591986011, 230.08236045729427, 227.16671740653328, 213.2653085862421, 175.96001623299526, 142.51396122180813, 310.2587593966782, 216.88641024171557, 163.5313277493333, 129.75265742241754, 184.09375316913065, 151.09651945455516, 211.13478701931854, 163.9549542843106, 239.35870392684592, 236.05671095435355, 223.02296452121482, 355.63322573868936, 190.22576059708626, 175.6369826649916, 245.43906149950635, 150.0351548419294, 191.34250180115487, 196.24023741387646, 251.89805376244112, 254.22972688598747, 120.61033757328005, 167.1592370615599, 179.34136722402945, 219.98462730460233, 192.06586183723994, 179.5952092361622, 187.8627959925525, 222.65282643512364, 210.4047907638378, 278.6135610054607, 229.68247409957075, 226.74929056032488, 183.58491455965304, 235.46512212963353, 208.43028109077932, 158.18788261703276, 254.70140667021406, 171.60163368768735, 187.53429679064357, 228.44581972861306, 158.76177728709808, 173.58984159648207, 265.9140695759452, 260.4150854403506, 282.0293661188771, 157.62344462484816, 155.47876134474973, 223.45662611624357, 146.8757948739476, 204.31746270152325, 151.60517010589592, 194.66063286715962, 171.78726787533378, 223.27354259599815, 241.52516793432005, 255.47483206568177, 164.74033478012097, 196.29810275185082, 230.84990296484284, 200.7886356695317, 277.314964144427, 145.14094621770255, 174.41015136614442, 172.00641158000872, 191.048127299493, 233.62887026042154, 242.34136722402945, 213.6204223399891, 205.54460080052195, 158.48134930929155, 192.81533125184433, 239.35126455713726, 216.21110237892572, 184.3303939302259, 222.3587050743772, 229.25093211169406, 209.73777164519925, 170.23194144522586, 181.17420774200946, 169.57453326139785, 148.65282643512364, 150.88134485157207, 203.26729250277276, 253.12242032037102, 172.55095604404687, 214.13636806752038, 163.0662024641224, 329.51596019797034, 166.5763891625529, 219.9317412428136, 183.2911001534867, 177.94379794817542, 233.44499884267134, 183.4383354911206, 192.02688984508495, 180.07343906392543, 198.71043182799804, 198.00066096256523, 175.7357877065042, 279.8472033897342, 228.59281425012523, 162.65002472294873, 152.2214177427395, 188.97663785473014, 132.19885200094905, 214.48465276496972, 236.6412949256228, 158.21938680962103, 196.9919193360929, 232.92652212980283, 205.5152336492174, 248.27056767251088, 179.37926616740515, 268.30557954904543, 196.5526415217646, 210.1496463826452, 232.15696455772013, 209.23856650694142, 188.4810764797603, 189.81533384320392, 247.03270268602046, 197.41882654006986, 199.5510882116123, 159.11689250865857, 261.5780579892871, 212.55262805692837, 194.84317070200632, 190.7712429134208, 237.6937525399935, 268.97311015491505, 281.3774287818487, 149.88000206274228, 235.0824331074764, 295.49480730596224, 241.11998491319173, 177.60859861804056, 173.28658159174302, 181.8280822719371, 228.47168682162192, 246.78890431126638, 160.9120811204284, 200.20390062605657, 304.584157298199, 239.9778760802874, 232.14197656945726, 145.8691166936569, 171.52026538312384, 201.6212379374556, 148.16130660288673, 203.8407629384401, 189.43906149950635, 170.15328974109434, 198.5293175464467, 186.64173219392615, 184.39394478493978, 135.0692577448972, 183.29166113342217, 182.69842358921233, 250.2215153649595, 195.38655618149278, 185.67585225986113, 250.35568314522243, 170.5041265257296, 192.97850111223124, 227.25070943967512, 264.43906149950635, 184.36675332758205, 206.05742074714908, 201.51710605439075, 183.13507668068632, 174.4051803497714, 163.4004697399887, 192.74929697112202, 355.4138786290605, 234.13704209890057, 153.022342105196, 196.02477072097463, 241.18104172655512, 163.5527436456132, 180.56471808222068, 148.06838585376317, 279.4970553052044, 184.55417222261167, 157.57745452710515, 277.2313494312002, 238.30936712883522, 217.89594833561205, 174.60722378132778, 164.10162400649278, 236.34600908484572, 198.17545438673915, 188.38940899605768, 157.29297921450052, 168.24460938128777, 238.39321319525698, 198.51880667564, 205.8722371515887, 231.00505049409549, 131.16541513290758, 266.0484636829351, 272.4966905951296, 214.3299107725361, 164.59080758114942, 233.2458971902597, 246.4398125616026, 203.89837518526565, 159.09763043039766, 175.59690040357054, 183.43906149950635, 135.1242051260524, 228.10405166438795, 168.07646768338964, 222.2296430371989, 218.1794768192358, 285.1631352138884, 213.17252702780934, 159.94333127101345, 203.40138672296598, 202.82173754064115, 267.0895865054481, 203.8747913433799, 249.48912565315914, 264.49020463056695, 173.8744746595712, 177.59766102866433, 169.84085085692277, 277.050865812389, 221.94848728031684, 177.01037718547013, 174.94523861561538, 197.72124821108082, 183.67081798783875, 271.6843721356672, 248.50569524326966, 223.2369496213505, 168.4124457048756, 222.19262909535428, 224.46593633825069, 170.07519483585384, 197.7288642170679, 168.03790606448638, 190.16803133138274, 222.57748155697482, 166.6850353772761, 200.77423940291374, 205.71658012009175, 198.52912596273381, 257.774052206772, 231.41793660853, 129.43589849097407, 164.18957688007686, 174.83207795815906, 195.33438070591, 174.4666475476024, 176.13748523746108, 222.32351936154737, 312.538844104487, 184.3775968490272, 122.83811421674227, 233.45978890484548, 192.1615317146825, 143.27973188330725, 272.85806166481416, 174.73232208917943, 203.37299313903895, 228.52657487723718, 225.26304228627305, 165.04304411159683, 194.01303869607182, 311.31408414112593, 183.19573833072354, 216.3403125760151, 238.52833415720852, 220.04815880093702, 184.51685855340475, 128.40719620527125, 289.64217636034664, 141.93008674416524, 177.59861327703402, 209.83158451710733, 270.598613277034, 187.842630215363, 254.8855541812245, 179.4551416409522, 259.8118954635502, 155.74997118527517, 277.1470120896629, 256.466896025755, 189.0648144634688, 233.4752177401988, 148.6907600006507, 202.7818119198855, 203.8095537717836, 213.02688984508495, 200.94273542791234, 261.7724021088161, 209.62517006890266, 198.21537129907665, 200.63925758625373, 223.1212948739685, 222.15682929799368, 219.47338589852734, 256.0549828786625, 196.31673531256092, 242.68922579043374, 210.13655794111037, 235.94913418761098, 133.1780229441165, 190.94016147683215, 236.60075493190197, 234.7939168787234, 197.89104126181337, 191.16284190294482, 167.55996659650555, 236.7109185082336, 181.3721858073477, 250.3018849545242, 197.41416549550195, 142.68065136722726, 254.6412949256228, 225.27990046346895, 199.39975104964105, 162.7928820604502, 148.5881980838749, 173.97870380762106, 208.89832850469247, 189.06416424406234, 175.66444288859566, 180.16822319505445, 220.72009953653105, 175.88127088556575, 195.3587050743772, 153.71660690939098, 204.17019382063154, 252.50890804549636, 242.43906149950635, 289.41958153628366, 255.0882773804733, 184.685035855573, 199.96699782244832, 183.93277700966064, 314.6083785290539, 176.48684019521534, 178.26126150002165, 175.40893454897196, 170.06081745892152, 262.97663785473014, 193.73499882207307, 220.47428999441763, 167.62257121815128, 171.4954407809455, 156.3363622867746, 165.8814740037942, 213.0221239197126, 126.57997592276206, 194.37663596630955, 190.19731546088042, 182.07593639390416, 200.1146942973155, 149.82341766027457, 176.80081209188393, 197.5579683622782, 230.74929056032488, 117.48549310117232, 209.41078822818963, 155.74195278845582, 220.81368311811275, 150.4268526831611, 215.9473080957141, 162.32948073101215, 194.31673531256092, 199.56256531282725, 191.27990046346895, 226.12323004195423, 221.43555996369287, 172.91979964425082, 192.55148842653944, 171.3787416365103, 187.00188896063628, 212.1663138984659, 133.8599641075998, 197.99358841999128, 174.45408872794178, 140.86526301311824, 144.43611956640052, 177.86344205888963, 218.26177276517865, 230.4606428463576, 245.52865262378964, 