{"rec_rate": 0.03900465360758487, "p_value": 0.0, "ks_distance": 823.4136442827839, "ks_distribution": [179.43356783466515, 244.8667942946522, 137.04454081793483, 174.58576784159595, 159.42919549529688, 152.79387591720115, 159.5067556264712, 199.90854112145098, 164.16576531302053, 159.95033758708632, 172.07796064187642, 188.15158878507646, 208.42441079963282, 201.75475039105368, 180.16045890564783, 186.61296241084892, 156.23885174535462, 157.4697520439804, 175.90746357891385, 175.63315817162402, 186.42264577216156, 211.55985326233895, 189.5160465050849, 163.71664758196857, 210.02947957851393, 127.76832862741867, 155.0951558248853, 164.85721441763235, 149.16042026858122, 273.15112415874864, 152.46013322671206, 199.82047061623052, 179.82640035728582, 168.97320587010654, 162.4959990811385, 185.05185965753662, 177.76941374622402, 195.27175312524014, 153.21540076536076, 104.48822459697476, 161.94990413537198, 212.8218066991385, 199.9637197640859, 220.64440486421154, 242.9493831305499, 145.2874454768962, 172.9216046956517, 195.8643283591682, 156.1448253307699, 277.1959390045258, 205.17554441030734, 151.16045890564783, 196.99071689526863, 214.99108383122257, 207.09509791802884, 173.49959059549474, 129.28266389913915, 186.96205586478754, 171.0409569025287, 255.73343707699496, 131.45579050897595, 278.658366471127, 176.35603502420963, 207.48899888005326, 164.47753520875813, 174.2357800603495, 216.3891581754724, 201.9892815317553, 185.91186010654928, 158.2726195707546, 179.15690928347703, 346.08354785724987, 339.42181005572274, 172.80832715665838, 146.58893794760343, 220.87900432320566, 206.60659482564733, 199.40764509952714, 158.8350210693461, 133.9279493238173, 151.88740071696975, 181.64917852094914, 143.97159859694693, 264.775004941921, 220.77032155558118, 147.02932062253967, 141.2822509949724, 131.13650927448634, 169.3881449018454, 201.1257740057663, 140.42366265419332, 205.73274784493515, 174.63637876046414, 168.3932350623727, 234.31285044608012, 227.44735085490174, 226.16045890564783, 188.67591544598326, 203.9862422658116, 232.03404528830652, 189.80048512223948, 211.6239925688942, 243.24677252998845, 277.014500154648, 161.50115810398165, 131.04458362762307, 226.6541415105412, 184.15241041814897, 204.50489021341218, 156.17108544753228, 118.71145269530825, 204.34204730450256, 178.9581980105895, 202.90887076888976, 192.3535566831979, 178.14129136311203, 202.3824401772472, 214.9702414979074, 168.79317185669333, 185.64631745199313, 143.05865556219214, 166.1951573581773, 190.29375275972689, 151.10842356420835, 312.58516722762397, 223.3950707328313, 194.4880216974925, 232.75322747001155, 172.76148699158875, 267.6025259093294, 235.5608913611286, 214.0681950870685, 269.0086838125553, 220.90526781587778, 192.49460990964326, 147.05502704963965, 123.14427498035911, 185.52450707833395, 186.96595471169348, 178.3666578148477, 188.73436396488614, 201.28519016632708, 244.93047188212586, 143.53914545984117, 214.51759477579435, 180.39232928032652, 247.87669610686316, 136.5842870427441, 193.35194595860594, 180.4224998315458, 165.33390608757327, 163.85615627504376, 184.74899570727757, 292.2122478838792, 167.89162471630516, 225.09785609504252, 174.24502744716483, 221.1279161541861, 215.39294609733497, 195.03339584925743, 163.14446945609598, 268.6447442622248, 183.47297873181924, 207.92986156255483, 181.10709161484192, 202.34769034620695, 159.6718615674563, 227.56697542763504, 202.20872304114164, 183.15539154649832, 188.15801800235567, 132.85134662016753, 148.37397692903505, 181.34922424687193, 211.56183324651101, 217.35559513578846, 154.4613765635122, 177.48604409372, 142.40907335860538, 165.1467735239312, 178.1000301745171, 148.30548640343113, 215.24293724355084, 147.45848717962872, 268.96205586478754, 261.22657717855145, 145.053633645246, 265.52702126818076, 172.92920776213214, 138.1756080269979, 213.7211382600026, 189.50613353034896, 244.77887340771485, 185.75475039105368, 301.35559513578846, 198.09036166931946, 195.0362802359159, 185.41447977149073, 244.06514293494, 265.89789251953334, 186.245257768569, 246.53774825360597, 185.88111164324982, 164.577574943507, 220.58882861185157, 162.5154394406809, 214.91643732040757, 147.40907335860538, 185.57292293063347, 266.78459923463924, 165.42843501007337, 191.5260873190755, 138.77434825140608, 194.61282920911435, 179.7861379276601, 217.27175312524014, 241.69626112961487, 142.11269215875654, 207.37581645415776, 152.55556689759032, 167.96939319944795, 246.22344259853526, 204.94333708543672, 166.13348037689275, 186.2525736771604, 210.12883421752485, 184.64474426222478, 206.08604693846246, 215.1467735239312, 157.13407391161127, 134.50952846355904, 223.92189183167648, 203.6523519922266, 142.3143589846968, 205.41344125861178, 211.86891785129956, 197.40092038782404, 205.76114825464538, 166.97320587010654, 233.5088509015768, 170.19223904376486, 155.05865556219214, 168.55802547150597, 187.74160804814892, 153.5154394406809, 176.05865556219214, 166.6897614385689, 198.95253892159235, 224.25202524534689, 185.83644402368645, 163.80152098786493, 154.7406069645849, 119.40427692949288, 190.40569743712513, 230.09756047798874, 138.8742848936772, 170.42181005572274, 204.26398738413263, 209.92689705781595, 278.39867592452174, 186.30036136258695, 203.1402414701297, 245.13220581900896, 137.20582026685497, 196.17392918445148, 177.19780539334897, 196.825562720579, 197.55060420242808, 207.90904838480128, 157.02863040087868, 247.1508469571927, 210.50572302200453, 196.42843501007337, 188.0300531149478, 152.46587339384314, 183.12860037509745, 212.99108383122257, 192.94638335576565, 201.9613085909732, 188.1701043791236, 173.44358310931602, 144.37448118103384, 152.0221565348038, 186.7496497696302, 199.33535336948626, 215.03963684006703, 218.138157043506, 153.78252542363862, 224.9748164639459, 175.68545218843792, 168.55205731963542, 166.5083631838388, 170.61941523750284, 189.57962062216302, 205.02983844605205, 219.3356270205386, 216.3530736267021, 182.81516981403274, 216.09020913921086, 146.07767194768257, 268.1002290789729, 186.42707706936653, 218.25181701449947, 169.56671997809644, 205.59799804444083, 150.30735614890364, 201.4499263855978, 182.56183324651101, 174.10881722042723, 198.9588872543518, 114.61744184515737, 140.04771747323866, 179.21770270011075, 131.9785877910872, 201.06534824807204, 232.16373270565782, 245.8744675176349, 230.54129922907578, 205.0603703075958, 233.98827376094596, 182.2690466402437, 150.01756859804118, 198.65475089152096, 178.57295914796987, 208.4482316309568, 267.3439313478684, 224.57027980415296, 204.42110417456934, 179.28761441763345, 172.8963001024822, 132.9785877910872, 180.72675416750462, 182.53798217724398, 190.19450404732925, 262.58552022850927, 181.94549008081776, 134.00393135390732, 255.45337473656764, 166.61017929956688, 204.57633734580668, 161.13006303307702, 195.92203935812358, 166.41364428278393, 182.44574750170977, 198.97848129813974, 180.3530736267021, 208.8667942946522, 212.21994124502635, 171.14688759996716, 147.0375815631669, 191.20548394158777, 184.4050650215604, 122.57818994427726, 167.65499167381313, 118.65891378741617, 214.59742247319537, 165.6219074455894, 228.36772618605573, 131.43827506899652, 154.31879923907127, 183.75475039105368, 242.76518515221142, 175.5468722178648, 114.9436030777033, 184.76114825464538, 190.03074701194237, 168.27770057691487, 261.7273804292454, 235.52257904444286, 170.6187169558607, 170.30691073775415, 146.05632654177862, 250.43356783466515, 203.58576784159595, 138.0254503614924, 158.08326871019835, 156.60488254695883, 203.28509939872038, 186.50452100409075, 248.71463384845265, 206.86363025796163, 128.64474426222478, 205.7834070626359, 172.1534629435737, 173.85721441763235, 221.22625388621964, 253.9493831305499, 152.6806396595648, 202.4758251045132, 195.95624480748302, 222.4050650215604, 203.77582234001966, 157.37676605378874, 190.19344912660745, 190.96304050486287, 168.02983844605205, 246.10722920489206, 161.16834406233465, 227.51524377588703, 225.3304909072085, 262.2253722702735, 