{"rec_rate": 0.06218536488623959, "p_value": 0.0, "ks_distance": 881.6096082487456, "ks_distribution": [171.16970274529285, 166.72481589695144, 254.87341083378124, 203.2516385184681, 171.32740748008655, 180.82434824063967, 153.66287260084027, 195.6963992771598, 263.6712688911848, 262.8846637825063, 184.23051954779658, 158.55534563427864, 240.1226682556371, 251.54215148646836, 172.61098901562946, 245.2784646945529, 158.8032764649579, 194.65288945038537, 182.4039753526995, 221.9370228767475, 164.287456989794, 274.0768936139357, 150.94918711349237, 178.78994210154633, 144.5683338187755, 285.24851823564313, 154.0585895974118, 224.96434443796716, 141.8831834704506, 203.3898803733864, 209.8886224569178, 194.00029800039374, 155.8441770711106, 291.4788165089594, 190.87238005607833, 243.32182706556068, 278.86002984299193, 246.18297674981295, 284.42237708778885, 171.8144886962, 169.05598111860672, 223.89838742145548, 182.5672543530054, 172.26600837634942, 142.9428066380715, 223.31943695859263, 235.20807099641206, 317.6560314882954, 284.27236855089905, 222.51733402113314, 170.87781533267844, 296.826107516159, 230.6174120308624, 158.38480742337197, 176.69240832651667, 146.43846445345662, 152.03842062246804, 134.01305142859383, 232.8791760323129, 231.81668288519904, 260.3439685117046, 188.6536020241856, 164.08675700770982, 167.06550279624207, 230.20740000523801, 214.5639384889182, 154.52421896891065, 184.2631620894117, 207.20444163497086, 230.69130541552659, 206.86356179750146, 247.55282796708343, 165.09749440162523, 205.78430723102792, 216.8876873459012, 283.1641643736766, 220.85407546011083, 210.0257287742279, 240.26244131506246, 145.27184120703532, 232.42455874487496, 293.71107117154315, 187.9268013503024, 213.23132922634431, 378.0413063039232, 253.52118349104603, 156.98712687711122, 163.1651309381341, 137.89522224269604, 176.94480831246437, 160.10592752915727, 168.46777828820086, 225.07689361393568, 165.35515091682828, 284.72945335816075, 248.34565716821817, 182.2090928069374, 177.36409337154691, 217.37092766321985, 213.33717394127962, 207.8239978797601, 167.16339419564974, 159.4026610542678, 245.2758105214998, 201.3074261813881, 160.00192353339116, 164.21620320039256, 194.14592453988917, 275.2339843740301, 264.8937889094341, 212.64121107914434, 263.1589885825815, 256.62721932006025, 160.06676812763726, 221.4148219089666, 163.51101218172698, 234.12761994392167, 296.38480742337197, 202.18597341878922, 210.1299228781645, 206.01500381282494, 207.92310638606432, 178.10592752915727, 220.6266305491763, 200.61268439551168, 237.24379240701728, 189.38153324899395, 214.6857854932823, 174.725941358025, 178.01250354308286, 150.99494196352043, 123.53918227357553, 187.27849620982124, 193.12412809083617, 285.8731891907937, 227.43049644508392, 291.17565175936033, 185.29642677879747, 185.8144886962, 173.2664177752922, 179.38559807171987, 199.77828104613218, 158.04107903211116, 204.5863381246818, 243.80295472554826, 306.1764961712215, 275.8633142722356, 190.50920078428317, 263.88207184954626, 227.23857811713242, 184.70291583643484, 206.08637614431973, 270.99488793001365, 190.43590311377557, 197.31272759392414, 188.40086756869187, 171.39457314930496, 204.06493195392432, 230.99814611307374, 210.66300284428416, 214.16314811100528, 190.66119633121525, 175.57544125512504, 188.85157091086512, 174.2116884704228, 201.45784851353346, 207.93673206842686, 182.2176530547331, 175.43991819700022, 174.32474084566275, 171.65434283178183, 276.9509584585285, 227.62319158652917, 293.52118349104603, 246.58851291556493, 276.6104018021433, 265.9046270859835, 205.37790681740626, 255.45784851353346, 134.8135355325394, 209.50021397567252, 181.02279589126192, 198.3610309538326, 204.59465171975899, 280.8149096540292, 200.7987443030679, 225.4520429482145, 279.23470467045445, 184.29642677879747, 183.1211626791628, 282.4316661812245, 207.66877881326582, 224.05716625531386, 211.73755868493754, 249.3550196610522, 230.69566905751708, 216.36882405833785, 178.83029725470715, 221.35521081701063, 217.72260891597762, 164.89178696678573, 181.4496423322089, 204.16456411713625, 201.39934222777083, 173.94243913301398, 180.26244131506246, 136.8112455951341, 239.78430723102792, 168.92413841350208, 195.11843072711054, 160.75244997514892, 177.57563090817348, 211.6844839597743, 230.3268454983372, 203.99490549566326, 133.05498494412677, 168.2932860645451, 164.91593445850958, 194.51573685777112, 203.63427124451846, 199.01837606208846, 228.92902167985267, 225.90462708598352, 175.9384614889659, 235.28839679681914, 275.95826942754866, 201.6960759038293, 264.7549793997423, 166.71963819714983, 172.92258055782986, 203.62735669561152, 141.92387388869975, 219.11382238422266, 244.68448283195903, 162.147402437623, 202.58381717269367, 191.83123627797613, 217.95932849571, 203.4097903511174, 193.2680793779473, 203.01500381282494, 184.94671139621641, 140.83024698961526, 208.66495002462034, 212.47659266213304, 217.39782911887778, 216.48870207230902, 311.52504581490575, 142.20778625669482, 250.84601860692055, 123.96345609960554, 213.89178696678573, 197.1985392694196, 246.9550233035825, 175.6724153199557, 208.02034778181223, 187.0522598694406, 172.34463652958948, 200.16482794371586, 224.76843123716753, 178.00807893205365, 232.6991679186649, 210.31455786070364, 202.91103623658455, 326.91312985662444, 156.23347086332797, 252.01432078835478, 197.92462834953312, 251.89279712394455, 227.89526013899922, 333.18297674981295, 149.11571172885078, 163.3330633231194, 243.70486375802648, 213.83517205628596, 204.31674477716115, 172.8118769706889, 211.4661410285653, 241.12372520440567, 165.14103971036457, 186.83580203370911, 197.49705449105022, 230.40604778951274, 264.4956445421667, 192.91356658200402, 234.57891166454556, 385.04465492577583, 138.36092487375936, 152.5649616859955, 174.47881650895943, 257.53339774986307, 252.92444759884893, 138.37217199076258, 203.33712739915973, 254.11101299230722, 263.7884896526084, 339.9742712257721, 189.9657567824106, 153.60451643602573, 175.63117594166215, 182.06935872265603, 218.18204327503736, 227.22685964230186, 206.88540813016334, 196.07144760910705, 246.58945784596472, 222.62782800923742, 177.4717264756914, 146.83081280117585, 267.78376176487654, 178.5685352380533, 154.4495212838192, 195.09749440162523, 169.44393244498497, 217.4078768463678, 181.97736206710397, 201.26519181000185, 251.43167215033463, 294.8723800560783, 187.5887446082943, 239.90362423709303, 252.4041064230869, 173.25498624848842, 274.37473706750825, 206.53441412704342, 185.9257399026037, 228.0257287742279, 249.26244131506246, 234.99757068150757, 198.944032720392, 228.74378481164786, 207.5503576677911, 172.52594616642637, 195.0049839498679, 183.21620320039256, 304.02341184619036, 158.7592420959645, 150.6128127625434, 187.0307092759649, 205.19947144839352, 220.5858792625222, 218.46660225013693, 263.5951550101163, 152.3045901652622, 156.0012294534572, 265.8901427542405, 170.45794747924083, 174.41721925930506, 156.1277593043942, 209.37353767344757, 142.3224505881608, 220.42738787122835, 155.23470467045445, 194.426744332799, 209.38412366627745, 237.7593802040501, 172.78687513596014, 163.17828541240306, 194.37217199076258, 204.53856900737082, 196.2411446119786, 238.740055778866, 224.56111291803518, 178.39949447947401, 224.68986411018523, 156.24117701821888, 311.2453617062638, 210.72945335816075, 359.39902408350645, 205.43165909795425, 209.904299195583, 188.44504726622836, 179.74188873158164, 235.8499438039471, 159.04173057245134, 252.61567062315225, 231.9807367726662, 174.2384874074869, 255.54284333814394, 328.0405361258963, 262.81981941304, 259.975064028029, 218.0793327359288, 215.92496709208535, 199.3582451392831, 246.2116884704228, 159.47881650895943, 189.05862051931763, 131.92462834953312, 185.33118320102858, 247.10872942366223, 253.46840463370063, 181.29703701542167, 215.97720410873808, 172.35096486675502, 214.4477441350209, 176.75150299775487, 214.6419924617485, 156.97720410873808, 134.7744472232589, 202.01950202749686, 209.13997015700807, 